<?xml version='1.0'?>
<!DOCTYPE reference SYSTEM 'rfc2629.dtd'>

<reference anchor='MODPGROUPS'>

<front>
<title abbrev='MODPGROUPS'>More MODP Diffie-Hellman groups for IKE</title>
<author initials='T.' surname='Kivinen' fullname='Tero Kivinen'>
<organization>SSH Communications Security</organization>
<address>
<postal>
<street>Fredrikinkatu 42</street>
<street>FIN-00100 HELSINKI</street>
<country>Finland</country></postal>
<email>kivinen@ssh.fi</email></address></author>

<author initials='M.' surname='Kojo' fullname='Mika Kojo'>
<organization>University of Helsinki</organization>
<address>
<postal>
<street>HELSINKI</street>
<country>Finland</country></postal>
<email>mrskojo@cc.helsinki.fi</email></address></author>

<date month='November' year='2001'></date>
<area>Security</area>
<keyword>IP security protocol</keyword>
<keyword>IPSEC</keyword>
<keyword>security</keyword></front>

<seriesInfo name='ID' value='internet-draft (draft-ietf-ipsec-ike-modp-groups-03)' />
</reference>
