<?xml version='1.0'?>
<!DOCTYPE reference SYSTEM 'rfc2629.dtd'>

<reference anchor='OEspec'>

<front>
<title abbrev='OEspec'>Opportunistic Encryption</title>

  <author initials="D.H." surname="Redelmeier"
          fullname="D. Hugh Redelmeier">
    <organization abbrev="Mimosa">Mimosa</organization>
    <address>
      <postal>   
      	<street>Somewhere</street>
        <city>Toronto</city>
        <region>ON</region>
        <country>CA</country>
      </postal>
      <email>hugh@mimosa.com</email>
    </address>
  </author>

  <author initials="H." surname="Spencer"
          fullname="Henry Spencer">
    <organization abbrev="SP Systems">SP Systems</organization>
    <address>
      <postal>
      	<street>Box 280 Station A</street>
	<city>Toronto</city>
	<region>ON</region>
	<code>M5W 1B2</code>
	<country>Canada</country>
      </postal>
      <email>henry@spsystems.net</email>
    </address>
  </author>

<date month='May' year='2001'></date>
<keyword>IP security protocol</keyword>
<keyword>IPSEC</keyword>
<keyword>security</keyword></front>

<seriesInfo name='paper' value='http://www.freeswan.org/freeswan_trees/freeswan-1.91/doc/opportunism.spec' />
</reference>

